k, value
20,0.211618
20,0.204608
20,0.202789
20,0.209355
20,0.206817
20,0.202274
20,0.2161
20,0.209266
20,0.199459
20,0.197864
21,0.224011
21,0.229153
21,0.225841
21,0.217584
21,0.228047
21,0.22418
21,0.219243
21,0.227684
21,0.226349
21,0.235857
22,0.245956
22,0.241473
22,0.250077
22,0.244822
22,0.243354
22,0.246139
22,0.24892
22,0.236324
22,0.241184
22,0.247062
23,0.256263
23,0.251357
23,0.253535
23,0.251581
23,0.246686
23,0.263172
23,0.245378
23,0.263377
23,0.252562
23,0.252971
24,0.266532
24,0.283816
24,0.266013
24,0.273401
24,0.26965
24,0.276039
24,0.261889
24,0.270016
24,0.277301
24,0.270274
25,0.278337
25,0.285246
25,0.269713
25,0.277989
25,0.281134
25,0.272866
25,0.287188
25,0.277919
25,0.281931
25,0.274377
26,0.295539
26,0.2945
26,0.299138
26,0.298703
26,0.293344
26,0.289796
26,0.296045
26,0.283284
26,0.288709
26,0.28554
27,0.304069
27,0.30098
27,0.302462
27,0.296931
27,0.30057
27,0.296703
27,0.292981
27,0.295229
27,0.293386
27,0.30201
28,0.309554
28,0.311546
28,0.307111
28,0.303702
28,0.308196
28,0.311254
28,0.309944
28,0.308993
28,0.318155
28,0.310975
29,0.310312
29,0.317028
29,0.319769
29,0.317626
29,0.310661
29,0.315792
29,0.323782
29,0.319952
29,0.316636
29,0.310426
30,0.33528
30,0.333458
30,0.332808
30,0.323729
30,0.321364
30,0.318343
30,0.327571
30,0.327061
30,0.326349
30,0.328423
31,0.335662
31,0.348375
31,0.332696
31,0.335047
31,0.33679
31,0.331214
31,0.340381
31,0.339727
31,0.346161
31,0.340637
32,0.347451
32,0.342417
32,0.342786
32,0.341172
32,0.337793
32,0.344387
32,0.341201
32,0.334391
32,0.348174
32,0.346564
33,0.352132
33,0.355505
33,0.350781
33,0.35028
33,0.358164
33,0.344717
33,0.344322
33,0.350948
33,0.357819
33,0.339907
34,0.360223
34,0.361069
34,0.355125
34,0.361614
34,0.362095
34,0.360233
34,0.356226
34,0.357272
34,0.363013
34,0.360562
35,0.369207
35,0.371097
35,0.36038
35,0.370456
35,0.377215
35,0.366238
35,0.363684
35,0.368032
35,0.371782
35,0.373211
36,0.373048
36,0.371639
36,0.372314
36,0.37028
36,0.367683
36,0.377986
36,0.372844
36,0.382293
36,0.373791
36,0.371041
37,0.379713
37,0.379145
37,0.376925
37,0.37693
37,0.373772
37,0.372472
37,0.369513
37,0.375655
37,0.385745
37,0.37604
38,0.383753
38,0.388377
38,0.381377
38,0.383126
38,0.381807
38,0.392312
38,0.387827
38,0.387131
38,0.388925
38,0.378567
39,0.393309
39,0.393983
39,0.391859
39,0.400424
39,0.390659
39,0.402265
39,0.394989
39,0.389784
39,0.395927
39,0.392461
40,0.400206
40,0.395116
40,0.407895
40,0.401153
40,0.397666
40,0.401611
40,0.395582
40,0.393826
40,0.397786
40,0.398894
41,0.401737
41,0.409436
41,0.407949
41,0.404265
41,0.405138
41,0.403123
41,0.400007
41,0.406476
41,0.402124
41,0.403048
42,0.410805
42,0.412852
42,0.415799
42,0.413915
42,0.403798
42,0.415553
42,0.409738
42,0.407883
42,0.405702
42,0.40352
43,0.414607
43,0.419233
43,0.423396
43,0.419304
43,0.4169
43,0.424029
43,0.413741
43,0.418556
43,0.419032
43,0.413491
44,0.416986
44,0.420598
44,0.429138
44,0.419369
44,0.424865
44,0.430249
44,0.425408
44,0.422373
44,0.418341
44,0.429449
45,0.424229
45,0.431284
45,0.434015
45,0.431055
45,0.427062
45,0.422166
45,0.431016
45,0.428356
45,0.423166
45,0.426337
46,0.43123
46,0.433412
46,0.437621
46,0.441831
46,0.426965
46,0.420958
46,0.440582
46,0.433704
46,0.435898
46,0.435762
47,0.439836
47,0.442979
47,0.437244
47,0.436209
47,0.442377
47,0.436105
47,0.435646
47,0.441406
47,0.446766
47,0.435148
48,0.438033
48,0.440729
48,0.442811
48,0.454355
48,0.442206
48,0.452156
48,0.448176
48,0.447449
48,0.439864
48,0.432581
49,0.450088
49,0.449304
49,0.44532
49,0.45864
49,0.4545
49,0.446171
49,0.447884
49,0.456036
49,0.4471
49,0.456618
50,0.451976
50,0.454268
50,0.454688
50,0.459328
50,0.44604
50,0.461444
50,0.451281
50,0.454466
50,0.454115
50,0.449983
51,0.455385
51,0.46241
51,0.464728
51,0.451012
51,0.464436
51,0.460871
51,0.458875
51,0.451506
51,0.457725
51,0.459799
52,0.470558
52,0.469205
52,0.461942
52,0.465192
52,0.469581
52,0.472895
52,0.466786
52,0.461435
52,0.463167
52,0.466555
53,0.471654
53,0.470391
53,0.472156
53,0.474176
53,0.471658
53,0.467054
53,0.467169
53,0.463077
53,0.468177
53,0.472879
54,0.477256
54,0.475254
54,0.472125
54,0.472622
54,0.470417
54,0.474423
54,0.481267
54,0.476149
54,0.475914
54,0.48165
55,0.487523
55,0.48839
55,0.480112
55,0.482067
55,0.478987
55,0.483465
55,0.47476
55,0.478266
55,0.477801
55,0.474336
56,0.489805
56,0.479287
56,0.477142
56,0.486325
56,0.480394
56,0.488818
56,0.485241
56,0.486972
56,0.485187
56,0.49417
57,0.494618
57,0.490671
57,0.50068
57,0.498184
57,0.490475
57,0.494093
57,0.495262
57,0.492531
57,0.487503
57,0.494708
58,0.488987
58,0.491821
58,0.490185
58,0.496624
58,0.493235
58,0.495251
58,0.500652
58,0.496714
58,0.49428
58,0.485619
59,0.499974
59,0.498553
59,0.493082
59,0.505339
59,0.504971
59,0.498707
59,0.503095
59,0.490906
59,0.4949
59,0.500149
60,0.505046
60,0.500829
60,0.497402
60,0.501268
60,0.502592
60,0.506163
60,0.506367
60,0.501829
60,0.502619
60,0.507517
61,0.501983
61,0.508242
61,0.509042
61,0.500503
61,0.508977
61,0.512255
61,0.506134
61,0.501268
61,0.5078
61,0.507934
62,0.510929
62,0.509206
62,0.511126
62,0.507569
62,0.520717
62,0.520861
62,0.511998
62,0.51204
62,0.509203
62,0.502062
63,0.514939
63,0.516109
63,0.521566
63,0.512857
63,0.509474
63,0.518088
63,0.511982
63,0.514348
63,0.518528
63,0.519855
64,0.526637
64,0.519925
64,0.518064
64,0.524022
64,0.525249
64,0.520133
64,0.514177
64,0.526228
64,0.513365
64,0.528532
65,0.529717
65,0.521379
65,0.523836
65,0.530881
65,0.525441
65,0.522753
65,0.526878
65,0.530138
65,0.517809
65,0.523057
66,0.526043
66,0.534666
66,0.536605
66,0.523729
66,0.535106
66,0.528348
66,0.523888
66,0.524259
66,0.532856
66,0.522474
67,0.53198
67,0.531985
67,0.530913
67,0.533057
67,0.533394
67,0.518926
67,0.540335
67,0.537158
67,0.543202
67,0.533005
68,0.539685
68,0.543771
68,0.536012
68,0.544009
68,0.543896
68,0.535898
68,0.53465
68,0.541946
68,0.545629
68,0.539075
69,0.533039
69,0.533107
69,0.544109
69,0.533608
69,0.5355
69,0.547513
69,0.551028
69,0.543789
69,0.538108
69,0.537161
70,0.554044
70,0.551188
70,0.551713
70,0.548366
70,0.546696
70,0.541335
70,0.544717
70,0.541831
70,0.543022
70,0.54488
71,0.546557
71,0.545702
71,0.548346
71,0.548117
71,0.544651
71,0.55579
71,0.540961
71,0.541768
71,0.555568
71,0.55178
72,0.553267
72,0.551899
72,0.557005
72,0.552022
72,0.555859
72,0.550499
72,0.556297
72,0.553841
72,0.552444
72,0.555774
73,0.556238
73,0.556507
73,0.551993
73,0.560517
73,0.551508
73,0.550152
73,0.555419
73,0.552074
73,0.558758
73,0.558269
74,0.576315
74,0.558194
74,0.55805
74,0.55854
74,0.569996
74,0.556243
74,0.559413
74,0.560912
74,0.554577
74,0.561751
75,0.567079
75,0.560015
75,0.559169
75,0.55895
75,0.563299
75,0.566893
75,0.563668
75,0.562367
75,0.561188
75,0.559585
76,0.564639
76,0.573501
76,0.572288
76,0.559655
76,0.567328
76,0.564147
76,0.573485
76,0.57064
76,0.570021
76,0.570973
77,0.581798
77,0.570047
77,0.574588
77,0.568612
77,0.574832
77,0.569919
77,0.569493
77,0.569192
77,0.579343
77,0.568422
78,0.579595
78,0.572566
78,0.572339
78,0.574863
78,0.567263
78,0.566559
78,0.574249
78,0.573039
78,0.570475
78,0.575991
79,0.575386
79,0.588848
79,0.579876
79,0.577174
79,0.582457
79,0.583554
79,0.58263
79,0.58319
79,0.578521
79,0.581969
80,0.577687
80,0.575493
80,0.582348
80,0.579781
80,0.580305
80,0.587061
80,0.580168
80,0.583737
80,0.584418
80,0.589124
81,0.577628
81,0.583674
81,0.586228
81,0.586115
81,0.586326
81,0.586872
81,0.583537
81,0.584467
81,0.577908
81,0.586464
82,0.585018
82,0.585916
82,0.583801
82,0.588026
82,0.592274
82,0.592003
82,0.57955
82,0.590539
82,0.582083
82,0.587732
83,0.592191
83,0.598783
83,0.593135
83,0.596592
83,0.595091
83,0.595394
83,0.593533
83,0.58836
83,0.590422
83,0.594122
84,0.595556
84,0.588233
84,0.596454
84,0.589156
84,0.590259
84,0.597982
84,0.591739
84,0.595378
84,0.589244
84,0.598759
85,0.597869
85,0.601905
85,0.591887
85,0.606733
85,0.599639
85,0.596878
85,0.597862
85,0.598753
85,0.596246
85,0.597308
86,0.61077
86,0.60802
86,0.596913
86,0.601341
86,0.603965
86,0.603203
86,0.592681
86,0.599556
86,0.596677
86,0.608643
87,0.609825
87,0.605847
87,0.606474
87,0.602054
87,0.604638
87,0.605228
87,0.60202
87,0.609389
87,0.607457
87,0.607362
88,0.610524
88,0.608146
88,0.617692
88,0.607524
88,0.619821
88,0.616485
88,0.616231
88,0.602657
88,0.609584
88,0.611283
89,0.609529
89,0.613396
89,0.613707
89,0.607557
89,0.620909
89,0.611349
89,0.617283
89,0.609055
89,0.62468
89,0.615651
90,0.61595
90,0.611164
90,0.615068
90,0.618711
90,0.609243
90,0.619895
90,0.615264
90,0.611529
90,0.61878
90,0.615728
91,0.622767
91,0.623956
91,0.619281
91,0.621318
91,0.615618
91,0.624772
91,0.625943
91,0.616351
91,0.622439
91,0.613421
92,0.624722
92,0.625132
92,0.62039
92,0.620992
92,0.629146
92,0.629861
92,0.625024
92,0.62902
92,0.62734
92,0.619578
93,0.616265
93,0.62575
93,0.628932
93,0.626736
93,0.628081
93,0.627222
93,0.633887
93,0.627571
93,0.629143
93,0.622389
94,0.630014
94,0.6286
94,0.630043
94,0.619527
94,0.635944
94,0.632543
94,0.629203
94,0.631153
94,0.628479
94,0.62566
95,0.633066
95,0.631592
95,0.631785
95,0.630522
95,0.633728
95,0.633088
95,0.62916
95,0.633303
95,0.640148
95,0.631645
96,0.634671
96,0.640031
96,0.635327
96,0.640874
96,0.632093
96,0.631323
96,0.631904
96,0.641142
96,0.637964
96,0.637661
97,0.645467
97,0.639397
97,0.643721
97,0.636306
97,0.631242
97,0.648257
97,0.638343
97,0.6426
97,0.644474
97,0.639814
98,0.641555
98,0.639386
98,0.651916
98,0.641689
98,0.637769
98,0.643106
98,0.63767
98,0.640031
98,0.645825
98,0.639022
99,0.641955
99,0.64658
99,0.642553
99,0.636532
99,0.64252
99,0.647633
99,0.645284
99,0.638013
99,0.637026
99,0.640419
100,0.643148
100,0.645743
100,0.651936
100,0.649125
100,0.655821
100,0.649899
100,0.651789
100,0.638079
100,0.648926
100,0.647635
101,0.638765
101,0.652974
101,0.651066
101,0.652862
101,0.647004
101,0.656425
101,0.655756
101,0.646266
101,0.65085
101,0.65265
102,0.650601
102,0.656228
102,0.654862
102,0.651554
102,0.64755
102,0.664949
102,0.656535
102,0.65245
102,0.65568
102,0.654142
103,0.653112
103,0.661113
103,0.662343
103,0.666289
103,0.655316
103,0.659461
103,0.66529
103,0.664135
103,0.661471
103,0.659727
104,0.657292
104,0.653057
104,0.6566
104,0.65894
104,0.660436
104,0.659749
104,0.662511
104,0.658122
104,0.657419
104,0.658159
105,0.661068
105,0.659307
105,0.66334
105,0.662908
105,0.662834
105,0.657795
105,0.658163
105,0.664182
105,0.659732
105,0.665474
106,0.668444
106,0.670004
106,0.661626
106,0.669707
106,0.669923
106,0.667584
106,0.665746
106,0.674022
106,0.672139
106,0.66621
107,0.667203
107,0.677303
107,0.664792
107,0.671667
107,0.669721
107,0.66986
107,0.669914
107,0.672685
107,0.668139
107,0.669839
108,0.680089
108,0.669505
108,0.680876
108,0.670176
108,0.670219
108,0.668666
108,0.668969
108,0.668627
108,0.673273
108,0.66907
109,0.679386
109,0.672636
109,0.673962
109,0.67107
109,0.67313
109,0.674684
109,0.675539
109,0.673209
109,0.677221
109,0.672751
110,0.679386
110,0.67708
110,0.682826
110,0.676097
110,0.673065
110,0.680365
110,0.677927
110,0.677195
110,0.682207
110,0.673482
111,0.686126
111,0.674411
111,0.685019
111,0.676232
111,0.681551
111,0.683381
111,0.681809
111,0.684532
111,0.678121
111,0.676393
112,0.681597
112,0.680901
112,0.680515
112,0.685355
112,0.684717
112,0.68685
112,0.67793
112,0.680627
112,0.685895
112,0.685863
113,0.688614
113,0.686187
113,0.695677
113,0.687464
113,0.676698
113,0.685118
113,0.684508
113,0.687772
113,0.686195
113,0.6858
114,0.693489
114,0.686683
114,0.683443
114,0.685181
114,0.683061
114,0.69217
114,0.688343
114,0.682781
114,0.690424
114,0.689578
115,0.697708
115,0.691402
115,0.687898
115,0.688558
115,0.692347
115,0.687519
115,0.688879
115,0.689944
115,0.692201
115,0.691447
116,0.691866
116,0.699027
116,0.693504
116,0.686148
116,0.698277
116,0.698435
116,0.687203
116,0.692271
116,0.694026
116,0.690383
117,0.69572
117,0.701314
117,0.69534
117,0.69638
117,0.696607
117,0.700894
117,0.69428
117,0.691667
117,0.699651
117,0.694921
118,0.699848
118,0.698719
118,0.699541
118,0.697095
118,0.696584
118,0.698098
118,0.699668
118,0.697981
118,0.699289
118,0.699055
119,0.707829
119,0.703303
119,0.69854
119,0.70395
119,0.710071
119,0.693741
119,0.692828
119,0.704544
119,0.703249
119,0.701181
120,0.705714
120,0.700443
120,0.703232
120,0.705317
120,0.699932
120,0.700866
120,0.705997
120,0.70222
120,0.713127
120,0.698216
121,0.699447
121,0.709592
121,0.705958
121,0.702984
121,0.71315
121,0.708466
121,0.702492
121,0.709363
121,0.701599
121,0.706629
122,0.704758
122,0.711662
122,0.714292
122,0.708044
122,0.717918
122,0.709007
122,0.703072
122,0.715423
122,0.707836
122,0.708501
123,0.709559
123,0.72047
123,0.710188
123,0.714199
123,0.713806
123,0.72218
123,0.711628
123,0.719838
123,0.708779
123,0.709266
124,0.715422
124,0.712215
124,0.723967
124,0.714623
124,0.724748
124,0.710849
124,0.718165
124,0.71836
124,0.711749
124,0.709458
125,0.710798
125,0.724007
125,0.719996
125,0.717339
125,0.712808
125,0.722338
125,0.714977
125,0.72512
125,0.716449
125,0.718503
126,0.721129
126,0.717474
126,0.722921
126,0.718853
126,0.723583
126,0.71935
126,0.720719
126,0.719264
126,0.720939
126,0.724923
127,0.71999
127,0.724084
127,0.719961
127,0.719668
127,0.720583
127,0.72907
127,0.728606
127,0.716093
127,0.727502
127,0.720688
128,0.728122
128,0.725119
128,0.726291
128,0.72357
128,0.720447
128,0.716076
128,0.723469
128,0.727821
128,0.715551
128,0.728201
129,0.729475
129,0.734894
129,0.725505
129,0.727621
129,0.72289
129,0.724679
129,0.723376
129,0.723527
129,0.721902
129,0.724588
130,0.730379
130,0.72528
130,0.72565
130,0.728259
130,0.730055
130,0.727082
130,0.728219
130,0.730022
130,0.729285
130,0.729342
131,0.72941
131,0.737885
131,0.73104
131,0.73251
131,0.72957
131,0.729618
131,0.723766
131,0.735925
131,0.730288
131,0.737172
132,0.733093
132,0.730087
132,0.73408
132,0.737843
132,0.737057
132,0.732393
132,0.735879
132,0.7358
132,0.726798
132,0.741583
133,0.739434
133,0.735665
133,0.732882
133,0.737799
133,0.743009
133,0.728107
133,0.736243
133,0.744601
133,0.734729
133,0.748065
134,0.735879
134,0.736722
134,0.745828
134,0.739961
134,0.745076
134,0.741388
134,0.741317
134,0.739548
134,0.743326
134,0.736919
135,0.74108
135,0.741729
135,0.738344
135,0.733725
135,0.742468
135,0.744134
135,0.739564
135,0.750805
135,0.73608
135,0.741449
136,0.744165
136,0.742885
136,0.7433
136,0.743765
136,0.749223
136,0.738128
136,0.748982
136,0.743505
136,0.746818
136,0.749388
137,0.74641
137,0.744657
137,0.742527
137,0.740262
137,0.75056
137,0.746337
137,0.749409
137,0.746747
137,0.749505
137,0.745959
138,0.745415
138,0.752351
138,0.747611
138,0.751831
138,0.752148
138,0.748584
138,0.74632
138,0.747028
138,0.749286
138,0.74355
139,0.755597
139,0.751074
139,0.752339
139,0.75296
139,0.750792
139,0.755373
139,0.743941
139,0.752952
139,0.754329
139,0.748948
140,0.754199
140,0.753113
140,0.755689
140,0.755608
140,0.757033
140,0.759292
140,0.754171
140,0.75113
140,0.756034
140,0.748473
141,0.75657
141,0.751535
141,0.755184
141,0.754821
141,0.748928
141,0.755584
141,0.755508
141,0.760533
141,0.755937
141,0.758236
142,0.75711
142,0.756613
142,0.761825
142,0.760129
142,0.762712
142,0.762216
142,0.760229
142,0.756611
142,0.765415
142,0.760065
143,0.760345
143,0.76107
143,0.756117
143,0.754739
143,0.761088
143,0.763462
143,0.760434
143,0.759474
143,0.759432
143,0.760699
144,0.759893
144,0.76778
144,0.763506
144,0.765265
144,0.769547
144,0.761823
144,0.756718
144,0.756683
144,0.762806
144,0.760476
145,0.770053
145,0.761839
145,0.759081
145,0.75701
145,0.772325
145,0.763862
145,0.7621
145,0.763708
145,0.767667
145,0.767364
146,0.769587
146,0.764282
146,0.77127
146,0.769877
146,0.773803
146,0.77286
146,0.768222
146,0.767947
146,0.765064
146,0.767562
147,0.769227
147,0.764434
147,0.765815
147,0.767959
147,0.769372
147,0.763979
147,0.769562
147,0.768967
147,0.767968
147,0.774076
148,0.774564
148,0.766706
148,0.767786
148,0.773984
148,0.767654
148,0.769537
148,0.771143
148,0.763458
148,0.770747
148,0.770548
149,0.77119
149,0.778635
149,0.775856
149,0.775879
149,0.777097
149,0.777853
149,0.772337
149,0.767351
149,0.77241
149,0.769282
150,0.773641
150,0.774788
150,0.782484
150,0.776885
150,0.774028
150,0.782623
150,0.784031
150,0.776652
150,0.782928
150,0.769523
151,0.782021
151,0.779407
151,0.775652
151,0.778511
151,0.782838
151,0.778078
151,0.777608
151,0.779814
151,0.777585
151,0.776556
152,0.77204
152,0.776586
152,0.780803
152,0.776769
152,0.77873
152,0.789535
152,0.774119
152,0.77739
152,0.778642
152,0.777867
153,0.781078
153,0.781722
153,0.788441
153,0.787596
153,0.781689
153,0.781445
153,0.787705
153,0.787044
153,0.782003
153,0.77902
154,0.790485
154,0.795074
154,0.785377
154,0.782166
154,0.786255
154,0.783629
154,0.789857
154,0.791729
154,0.786031
154,0.786983
155,0.783904
155,0.789104
155,0.785754
155,0.781304
155,0.788278
155,0.786364
155,0.788675
155,0.787339
155,0.789713
155,0.791281
156,0.787176
156,0.795866
156,0.788179
156,0.791196
156,0.790708
156,0.790193
156,0.794037
156,0.787052
156,0.786838
156,0.785661
157,0.793094
157,0.794908
157,0.794233
157,0.787368
157,0.798976
157,0.791907
157,0.796349
157,0.786428
157,0.793905
157,0.789901
158,0.790838
158,0.792376
158,0.797423
158,0.792629
158,0.791707
158,0.79705
158,0.79076
158,0.791151
158,0.794399
158,0.797081
159,0.794708
159,0.799221
159,0.792007
159,0.802296
159,0.797685
159,0.800375
159,0.799332
159,0.793636
159,0.798365
159,0.794143
160,0.800599
160,0.799876
160,0.793967
160,0.800102
160,0.802057
160,0.794227
160,0.799377
160,0.797692
160,0.795728
160,0.794545
161,0.808014
161,0.804471
161,0.798413
161,0.804914
161,0.7961
161,0.800569
161,0.797603
161,0.792235
161,0.802151
161,0.797929
162,0.800916
162,0.79759
162,0.802632
162,0.801839
162,0.800675
162,0.804573
162,0.805087
162,0.799815
162,0.799625
162,0.797558
163,0.803225
163,0.806364
163,0.80538
163,0.79921
163,0.799287
163,0.803177
163,0.806532
163,0.803732
163,0.803849
163,0.80129
164,0.808085
164,0.804001
164,0.806412
164,0.804339
164,0.80714
164,0.803954
164,0.810065
164,0.799519
164,0.80226
164,0.800023
165,0.80802
165,0.807356
165,0.813261
165,0.805705
165,0.809638
165,0.804179
165,0.809089
165,0.807712
165,0.806983
165,0.808409
166,0.808744
166,0.806347
166,0.807363
166,0.805638
166,0.805167
166,0.810877
166,0.810604
166,0.8088
166,0.813283
166,0.819026
167,0.814414
167,0.807933
167,0.808592
167,0.810188
167,0.815015
167,0.813329
167,0.814317
167,0.807089
167,0.814487
167,0.811053
168,0.812127
168,0.821513
168,0.81504
168,0.813269
168,0.811843
168,0.816196
168,0.810935
168,0.811883
168,0.816566
168,0.813182
169,0.814897
169,0.816894
169,0.817836
169,0.813831
169,0.814974
169,0.812194
169,0.814922
169,0.813566
169,0.818973
169,0.819556
170,0.820754
170,0.818284
170,0.818948
170,0.818421
170,0.816854
170,0.821627
170,0.81709
170,0.819056
170,0.815077
170,0.819253
171,0.814234
171,0.817305
171,0.81597
171,0.818233
171,0.820192
171,0.823566
171,0.823968
171,0.822099
171,0.815603
171,0.819427
172,0.825551
172,0.823654
172,0.830432
172,0.820365
172,0.82203
172,0.820084
172,0.817876
172,0.819331
172,0.824342
172,0.821928
173,0.825502
173,0.822739
173,0.827006
173,0.825011
173,0.819115
173,0.826092
173,0.820819
173,0.826194
173,0.820626
173,0.828287
174,0.825729
174,0.824933
174,0.823048
174,0.832686
174,0.825614
174,0.823216
174,0.824149
174,0.827054
174,0.830817
174,0.824965
175,0.833442
175,0.825443
175,0.828252
175,0.829293
175,0.83048
175,0.826689
175,0.826473
175,0.826737
175,0.823342
175,0.819624
176,0.827848
176,0.825077
176,0.831515
176,0.825774
176,0.830154
176,0.825992
176,0.826644
176,0.830323
176,0.834448
176,0.828652
177,0.831516
177,0.833085
177,0.837218
177,0.82963
177,0.835737
177,0.834314
177,0.832321
177,0.832276
177,0.833624
177,0.830022
178,0.830511
178,0.838195
178,0.832323
178,0.831781
178,0.833765
178,0.831992
178,0.832852
178,0.835135
178,0.832519
178,0.833581
179,0.837262
179,0.829433
179,0.838757
179,0.839177
179,0.838072
179,0.831032
179,0.837086
179,0.842141
179,0.838506
179,0.836973
180,0.837009
180,0.835529
180,0.835
180,0.836634
180,0.843357
180,0.838266
180,0.83378
180,0.836609
180,0.836438
180,0.841392
181,0.840186
181,0.839712
181,0.83893
181,0.841963
181,0.836543
181,0.837446
181,0.840918
181,0.837618
181,0.835509
181,0.838211
182,0.837649
182,0.839997
182,0.84001
182,0.839609
182,0.84461
182,0.838731
182,0.835727
182,0.838732
182,0.840331
182,0.842754
183,0.839326
183,0.842567
183,0.843297
183,0.841046
183,0.838945
183,0.842245
183,0.83992
183,0.84401
183,0.841707
183,0.835786
184,0.843589
184,0.847845
184,0.845587
184,0.8493
184,0.847894
184,0.847735
184,0.845204
184,0.846623
184,0.844383
184,0.839566
185,0.851597
185,0.840273
185,0.848538
185,0.850071
185,0.839746
185,0.843699
185,0.849641
185,0.844936
185,0.846314
185,0.849365
186,0.849893
186,0.844256
186,0.850346
186,0.850305
186,0.845134
186,0.84948
186,0.84623
186,0.847648
186,0.848835
186,0.847307
187,0.853462
187,0.849629
187,0.849837
187,0.847741
187,0.847609
187,0.851588
187,0.84663
187,0.844023
187,0.84906
187,0.849382
188,0.855483
188,0.849545
188,0.853823
188,0.847035
188,0.847863
188,0.85191
188,0.847244
188,0.855322
188,0.850135
188,0.844956
189,0.852958
189,0.852765
189,0.854645
189,0.857037
189,0.853093
189,0.861223
189,0.847397
189,0.855141
189,0.849789
189,0.84926
190,0.852697
190,0.855646
190,0.854158
190,0.853876
190,0.861272
190,0.858471
190,0.851925
190,0.853904
190,0.858935
190,0.855216
191,0.855245
191,0.854469
191,0.859122
191,0.860681
191,0.860028
191,0.854488
191,0.852174
191,0.859911
191,0.861077
191,0.856993
192,0.852073
192,0.856272
192,0.855078
192,0.85962
192,0.85682
192,0.860255
192,0.858569
192,0.863518
192,0.857401
192,0.857657
193,0.857506
193,0.861228
193,0.858936
193,0.857089
193,0.861647
193,0.864919
193,0.866516
193,0.853658
193,0.86408
193,0.861356
194,0.866772
194,0.864943
194,0.863624
194,0.866848
194,0.855841
194,0.861529
194,0.859269
194,0.864014
194,0.859609
194,0.863448
195,0.864392
195,0.858336
195,0.864758
195,0.870684
195,0.861131
195,0.865051
195,0.867994
195,0.866408
195,0.862363
195,0.86093
196,0.869499
196,0.86704
196,0.864714
196,0.863719
196,0.86249
196,0.866718
196,0.866675
196,0.865495
196,0.866896
196,0.868399
197,0.870233
197,0.866947
197,0.868867
197,0.866184
197,0.867996
197,0.869825
197,0.863943
197,0.864932
197,0.86768
197,0.866204
198,0.871713
198,0.872016
198,0.871602
198,0.870092
198,0.868713
198,0.870187
198,0.864627
198,0.868262
198,0.875036
198,0.866321
199,0.876027
199,0.869274
199,0.868159
199,0.871747
199,0.871797
199,0.872145
199,0.871378
199,0.874362
199,0.873357
199,0.867334
200,0.871632
200,0.877528
200,0.871386
200,0.870563
200,0.869287
200,0.873768
200,0.868888
200,0.873292
200,0.871376
200,0.874548
201,0.877113
201,0.872651
201,0.871123
201,0.876732
201,0.875056
201,0.873463
201,0.877352
201,0.873892
201,0.875766
201,0.875764
202,0.872114
202,0.881455
202,0.876456
202,0.874531
202,0.879643
202,0.871513
202,0.875096
202,0.873896
202,0.874651
202,0.877776
203,0.879509
203,0.877933
203,0.876362
203,0.879045
203,0.881048
203,0.87934
203,0.871348
203,0.876683
203,0.875013
203,0.877126
204,0.878763
204,0.876589
204,0.881949
204,0.876804
204,0.883671
204,0.883982
204,0.876906
204,0.882016
204,0.880833
204,0.879582
205,0.881551
205,0.880676
205,0.880058
205,0.881948
205,0.885494
205,0.879211
205,0.881587
205,0.879751
205,0.880452
205,0.881104
206,0.879292
206,0.880267
206,0.88516
206,0.877578
206,0.885916
206,0.880048
206,0.88638
206,0.880551
206,0.886276
206,0.885886
207,0.886892
207,0.881252
207,0.881186
207,0.885145
207,0.881733
207,0.888766
207,0.887154
207,0.88379
207,0.883648
207,0.882328
208,0.886403
208,0.888322
208,0.885781
208,0.886869
208,0.892052
208,0.885227
208,0.885858
208,0.881579
208,0.885928
208,0.888306
209,0.888021
209,0.884528
209,0.882563
209,0.887937
209,0.887406
209,0.889158
209,0.892292
209,0.8835
209,0.885405
209,0.88836
210,0.892245
210,0.891728
210,0.889857
210,0.887324
210,0.888056
210,0.889269
210,0.885436
210,0.890908
210,0.885172
210,0.88931
211,0.886003
211,0.891244
211,0.888378
211,0.890418
211,0.893119
211,0.890053
211,0.889528
211,0.893556
211,0.891417
211,0.893342
212,0.891095
212,0.896809
212,0.894133
212,0.892502
212,0.893075
212,0.892713
212,0.891769
212,0.894621
212,0.893722
212,0.891804
213,0.896132
213,0.894077
213,0.89737
213,0.899405
213,0.889444
213,0.89305
213,0.893268
213,0.894526
213,0.896256
213,0.895277
214,0.896007
214,0.895564
214,0.896391
214,0.901042
214,0.894627
214,0.891112
214,0.897268
214,0.896902
214,0.894701
214,0.896009
215,0.893305
215,0.895704
215,0.896925
215,0.899674
215,0.898175
215,0.899162
215,0.898694
215,0.898072
215,0.898613
215,0.894552
216,0.902038
216,0.9001
216,0.897071
216,0.897372
216,0.896127
216,0.8972
216,0.898697
216,0.895249
216,0.89675
216,0.896836
217,0.89975
217,0.903389
217,0.899116
217,0.901538
217,0.903626
217,0.898207
217,0.896852
217,0.900884
217,0.90038
217,0.902919
218,0.90095
218,0.901203
218,0.902069
218,0.905217
218,0.901352
218,0.903768
218,0.902233
218,0.903011
218,0.901536
218,0.901383
219,0.902809
219,0.903426
219,0.903094
219,0.904013
219,0.909162
219,0.898691
219,0.903064
219,0.905018
219,0.903765
219,0.902156
220,0.906187
220,0.9046
220,0.902739
220,0.902172
220,0.908689
220,0.904309
220,0.903891
220,0.905646
220,0.901237
220,0.902951
221,0.903775
221,0.905063
221,0.902615
221,0.911952
221,0.908052
221,0.907001
221,0.905533
221,0.904517
221,0.908784
221,0.907369
222,0.905963
222,0.909159
222,0.912785
222,0.904352
222,0.908538
222,0.909858
222,0.906903
222,0.909827
222,0.906106
222,0.907894
223,0.907092
223,0.909796
223,0.910972
223,0.913197
223,0.907783
223,0.908089
223,0.908395
223,0.909962
223,0.906077
223,0.909481
224,0.911684
224,0.91113
224,0.911087
224,0.908147
224,0.906993
224,0.907948
224,0.91191
224,0.911699
224,0.911122
224,0.909529
225,0.913049
225,0.914005
225,0.910773
225,0.910657
225,0.913616
225,0.911359
225,0.910922
225,0.910565
225,0.910071
225,0.914147
226,0.913941
226,0.915708
226,0.915282
226,0.913545
226,0.913546
226,0.916607
226,0.909833
226,0.916717
226,0.91664
226,0.912593
227,0.914225
227,0.916937
227,0.917956
227,0.91417
227,0.914382
227,0.917117
227,0.919985
227,0.916795
227,0.913132
227,0.914621
228,0.917096
228,0.917421
228,0.917662
228,0.916601
228,0.917664
228,0.922173
228,0.918589
228,0.918465
228,0.917574
228,0.915058
229,0.912237
229,0.921441
229,0.917208
229,0.92063
229,0.920478
229,0.918399
229,0.919537
229,0.921618
229,0.918782
229,0.918882
230,0.917959
230,0.921841
230,0.92211
230,0.917568
230,0.918596
230,0.917229
230,0.920795
230,0.919288
230,0.922148
230,0.919032
231,0.918326
231,0.920221
231,0.923124
231,0.922231
231,0.921623
231,0.920428
231,0.924342
231,0.918048
231,0.92249
231,0.92293
232,0.925561
232,0.92332
232,0.923938
232,0.922079
232,0.921213
232,0.922141
232,0.924442
232,0.921037
232,0.919755
232,0.92383
233,0.924814
233,0.926599
233,0.926838
233,0.922467
233,0.923425
233,0.926773
233,0.923769
233,0.921666
233,0.92473
233,0.921525
234,0.927759
234,0.926172
234,0.926789
234,0.925121
234,0.926447
234,0.925161
234,0.929081
234,0.925394
234,0.92665
234,0.929751
235,0.927885
235,0.927366
235,0.925173
235,0.923227
235,0.928265
235,0.925936
235,0.927955
235,0.926019
235,0.927934
235,0.927159
236,0.925201
236,0.927845
236,0.927762
236,0.929326
236,0.93251
236,0.927447
236,0.926682
236,0.928811
236,0.928385
236,0.927683
237,0.929353
237,0.932179
237,0.928234
237,0.929614
237,0.931943
237,0.929175
237,0.929499
237,0.933259
237,0.929371
237,0.930284
238,0.928715
238,0.931277
238,0.931463
238,0.93091
238,0.932413
238,0.931147
238,0.930136
238,0.928135
238,0.931722
238,0.93325
239,0.934467
239,0.934943
239,0.932382
239,0.932366
239,0.93289
239,0.932254
239,0.932556
239,0.930932
239,0.932002
239,0.935107
240,0.932985
240,0.935159
240,0.93366
240,0.933452
240,0.935028
240,0.933708
240,0.933513
240,0.93541
240,0.932077
240,0.933839
241,0.936252
241,0.932757
241,0.936442
241,0.936004
241,0.935208
241,0.937877
241,0.936647
241,0.933234
241,0.938977
241,0.934369
242,0.937941
242,0.93479
242,0.935352
242,0.941711
242,0.936257
242,0.936736
242,0.934308
242,0.940157
242,0.936243
242,0.938259
243,0.937401
243,0.938261
243,0.939383
243,0.939636
243,0.936284
243,0.939978
243,0.939644
243,0.942373
243,0.935244
243,0.93498
244,0.942191
244,0.937926
244,0.939362
244,0.939428
244,0.939198
244,0.940924
244,0.939316
244,0.941544
244,0.937012
244,0.93994
245,0.939862
245,0.940771
245,0.943066
245,0.939229
245,0.939616
245,0.941442
245,0.938295
245,0.940168
245,0.938225
245,0.941049
246,0.943182
246,0.942508
246,0.939506
246,0.941888
246,0.941859
246,0.943032
246,0.941042
246,0.940277
246,0.942486
246,0.939592
247,0.942347
247,0.943189
247,0.943805
247,0.942813
247,0.944191
247,0.945364
247,0.943872
247,0.944358
247,0.943613
247,0.944479
248,0.946955
248,0.943839
248,0.947399
248,0.945595
248,0.946368
248,0.94861
248,0.947966
248,0.945125
248,0.947426
248,0.946654
249,0.945968
249,0.944431
249,0.948541
249,0.945068
249,0.944636
249,0.944612
249,0.947551
249,0.94685
249,0.946768
249,0.94608
250,0.946534
250,0.946304
250,0.949321
250,0.945333
250,0.947248
250,0.946095
250,0.948562
250,0.947557
250,0.944297
250,0.94581
251,0.950232
251,0.94696
251,0.947543
251,0.950099
251,0.950148
251,0.947191
251,0.951431
251,0.951328
251,0.948263
251,0.949285
252,0.952564
252,0.950656
252,0.951496
252,0.950521
252,0.951934
252,0.948295
252,0.949931
252,0.949273
252,0.950494
252,0.949828
253,0.949086
253,0.954436
253,0.950102
253,0.950414
253,0.953829
253,0.953388
253,0.951011
253,0.952066
253,0.950807
253,0.951943
254,0.954724
254,0.952629
254,0.95451
254,0.952833
254,0.953454
254,0.952501
254,0.95287
254,0.954484
254,0.95182
254,0.949703
255,0.954153
255,0.95394
255,0.954925
255,0.953842
255,0.95238
255,0.953501
255,0.95422
255,0.9547
255,0.953197
255,0.955637
256,0.954003
256,0.95725
256,0.956469
256,0.955666
256,0.955934
256,0.954724
256,0.955355
256,0.953828
256,0.958558
256,0.955491
257,0.955262
257,0.955468
257,0.954051
257,0.95637
257,0.957904
257,0.955403
257,0.957219
257,0.954954
257,0.956909
257,0.955042
258,0.958626
258,0.955091
258,0.957567
258,0.956442
258,0.957648
258,0.960271
258,0.96004
258,0.958034
258,0.954407
258,0.957717
259,0.95605
259,0.957786
259,0.958955
259,0.956294
259,0.962709
259,0.959367
259,0.959828
259,0.960219
259,0.95914
259,0.955735
260,0.960705
260,0.96069
260,0.961723
260,0.960991
260,0.960613
260,0.958742
260,0.959212
260,0.958972
260,0.960766
260,0.960633
261,0.959154
261,0.958709
261,0.962786
261,0.961693
261,0.964014
261,0.962009
261,0.960652
261,0.962584
261,0.961148
261,0.96085
262,0.966362
262,0.963305
262,0.963047
262,0.960896
262,0.963669
262,0.962942
262,0.9611
262,0.966212
262,0.961716
262,0.961588
263,0.964179
263,0.963992
263,0.963167
263,0.964597
263,0.961746
263,0.962589
263,0.96335
263,0.965425
263,0.964009
263,0.962966
264,0.963988
264,0.963595
264,0.963485
264,0.965247
264,0.966516
264,0.965219
264,0.963943
264,0.964769
264,0.965761
264,0.96458
265,0.967065
265,0.965096
265,0.968454
265,0.967953
265,0.967411
265,0.963258
265,0.967336
265,0.966841
265,0.966441
265,0.968258
266,0.970705
266,0.966018
266,0.967575
266,0.965404
266,0.966958
266,0.964859
266,0.968861
266,0.96786
266,0.967994
266,0.96593
267,0.966236
267,0.96838
267,0.967831
267,0.966311
267,0.969007
267,0.969926
267,0.9681
267,0.971472
267,0.967279
267,0.968369
268,0.970828
268,0.969903
268,0.970213
268,0.97062
268,0.969551
268,0.968791
268,0.968137
268,0.970371
268,0.969092
268,0.970265
269,0.971479
269,0.969679
269,0.969457
269,0.970525
269,0.972076
269,0.968873
269,0.971039
269,0.971403
269,0.970862
269,0.971917
270,0.971133
270,0.970612
270,0.971395
270,0.971226
270,0.97111
270,0.97371
270,0.97287
270,0.972763
270,0.972685
270,0.971004
271,0.972407
271,0.972518
271,0.973121
271,0.972245
271,0.974688
271,0.973167
271,0.972305
271,0.974143
271,0.972338
271,0.974554
272,0.975016
272,0.974843
272,0.974972
272,0.973852
272,0.974082
272,0.974307
272,0.976992
272,0.974036
272,0.974786
272,0.975453
273,0.975081
273,0.975337
273,0.975428
273,0.976018
273,0.974453
273,0.97435
273,0.976214
273,0.974994
273,0.975614
273,0.975187
274,0.977929
274,0.976387
274,0.974371
274,0.976335
274,0.976193
274,0.976565
274,0.976378
274,0.975383
274,0.976193
274,0.978436
275,0.976888
275,0.977979
275,0.977155
275,0.976781
275,0.979922
275,0.975701
275,0.976958
275,0.978394
275,0.976765
275,0.978834
276,0.977394
276,0.977837
276,0.978912
276,0.978633
276,0.978253
276,0.979348
276,0.978189
276,0.977675
276,0.978216
276,0.977861
277,0.97971
277,0.980516
277,0.979284
277,0.98084
277,0.978067
277,0.979648
277,0.980576
277,0.977965
277,0.978697
277,0.980628
278,0.982216
278,0.97984
278,0.980421
278,0.979891
278,0.981215
278,0.980205
278,0.979441
278,0.980946
278,0.981213
278,0.97921
279,0.980071
279,0.981855
279,0.981744
279,0.980149
279,0.979992
279,0.981338
279,0.980421
279,0.982052
279,0.983083
279,0.980021
280,0.981289
280,0.983333
280,0.981155
280,0.981385
280,0.982563
280,0.983556
280,0.98308
280,0.982439
280,0.981727
280,0.982694
281,0.983073
281,0.982831
281,0.982789
281,0.984194
281,0.983778
281,0.982391
281,0.984331
281,0.982711
281,0.983985
281,0.982095
282,0.985552
282,0.984735
282,0.984425
282,0.984859
282,0.984927
282,0.984739
282,0.985305
282,0.982873
282,0.984903
282,0.985232
283,0.985546
283,0.98501
283,0.984456
283,0.985727
283,0.984713
283,0.984851
283,0.984648
283,0.986578
283,0.985183
283,0.986587
284,0.986133
284,0.986604
284,0.987021
284,0.985944
284,0.986647
284,0.986843
284,0.986501
284,0.987522
284,0.986178
284,0.987742
285,0.987681
285,0.98824
285,0.987668
285,0.987644
285,0.989066
285,0.987707
285,0.985738
285,0.987171
285,0.987148
285,0.988475
286,0.989191
286,0.988311
286,0.988666
286,0.987701
286,0.988443
286,0.988807
286,0.989236
286,0.988148
286,0.989682
286,0.987365
287,0.989918
287,0.9906
287,0.988976
287,0.988671
287,0.988553
287,0.989516
287,0.989424
287,0.988726
287,0.989018
287,0.989534
288,0.991777
288,0.991034
288,0.990701
288,0.989706
288,0.991693
288,0.98989
288,0.991305
288,0.990544
288,0.991137
288,0.990863
289,0.991682
289,0.99139
289,0.992094
289,0.991414
289,0.991474
289,0.991637
289,0.991827
289,0.990596
289,0.991244
289,0.991762
290,0.992148
290,0.99168
290,0.99237
290,0.99197
290,0.992324
290,0.991366
290,0.991948
290,0.99272
290,0.992171
290,0.992463
291,0.992991
291,0.993055
291,0.993334
291,0.992736
291,0.99385
291,0.99274
291,0.992806
291,0.992828
291,0.992675
291,0.993015
292,0.994584
292,0.994064
292,0.993902
292,0.993856
292,0.99351
292,0.994346
292,0.99493
292,0.993853
292,0.993866
292,0.994077
293,0.995179
293,0.995103
293,0.995037
293,0.994467
293,0.995153
293,0.994274
293,0.994257
293,0.99453
293,0.99484
293,0.995212
294,0.996248
294,0.996024
294,0.996057
294,0.996023
294,0.995669
294,0.996128
294,0.995613
294,0.995651
294,0.995565
294,0.995271
295,0.996997
295,0.996631
295,0.996693
295,0.996274
295,0.99647
295,0.996158
295,0.996329
295,0.996236
295,0.996513
295,0.996266
296,0.997506
296,0.997076
296,0.99726
296,0.997233
296,0.997421
296,0.997708
296,0.997323
296,0.997179
296,0.997317
296,0.997186
297,0.997902
297,0.997794
297,0.998104
297,0.997879
297,0.998252
297,0.998223
297,0.997996
297,0.998213
297,0.997697
297,0.997938
298,0.998739
298,0.99895
298,0.998713
298,0.998802
298,0.998645
298,0.9987
298,0.998761
298,0.998851
298,0.999
298,0.998674
299,0.999321
299,0.999536
299,0.999455
299,0.999294
299,0.999668
299,0.999434
299,0.999411
299,0.999511
299,0.999296
299,0.99954
300,1
300,1
300,1
300,1
300,1
300,1
300,1
300,1
300,1
300,1
